班,氏名,住所,TEL,メールアドレス,事務局,会計,書記,名簿,防犯防災,回覧広報,地域コミュ,環境美化,厚生福祉,補足事項
1班,null,null,null,null,null,null,null,null,null,null,null,null,null,null
2班,null,null,null,null,null,null,null,null,null,null,null,null,null,null
3班,null,null,null,null,null,null,null,null,null,null,null,null,null,null
4班,null,null,null,null,null,null,null,null,null,null,null,null,null,null
5班,null,null,null,null,null,null,null,null,null,null,null,null,null,null
6班,null,null,null,null,null,null,null,null,null,null,null,null,null,null
7班,null,null,null,null,null,null,null,null,null,null,null,null,null,null
8班,null,null,null,null,null,null,null,null,null,null,null,null,null,null
9班,null,null,null,null,null,null,null,null,null,null,null,null,null,null
11班,null,null,null,null,null,null,null,null,null,null,null,null,null,null
12班,null,null,null,null,null,null,null,null,null,null,null,null,null,null
13班,null,null,null,null,null,null,null,null,null,null,null,null,null,null
14班,null,null,null,null,null,null,null,null,null,null,null,null,null,null
15班,null,null,null,null,null,null,null,null,null,null,null,null,null,null
16班,null,null,null,null,null,null,null,null,null,null,null,null,null,null
18班,null,null,null,null,null,null,null,null,null,null,null,null,null,null
19班,null,null,null,null,null,null,null,null,null,null,null,null,null,null
20班,null,null,null,null,null,null,null,null,null,null,null,null,null,null
21班,null,null,null,null,null,null,null,null,null,null,null,null,null,null
23班,null,null,null,null,null,null,null,null,null,null,null,null,null,null
24班,null,null,null,null,null,null,null,null,null,null,null,null,null,null
25班,null,null,null,null,null,null,null,null,null,null,null,null,null,null
26班,null,null,null,null,null,null,null,null,null,null,null,null,null,null
